method,stage,policy,status,reason,accuracy,precision,recall,time_ms,f1,tp,fp,tn,fn,auc_roc,auc_pr,threshold,calib_threshold,calib_precision,calib_recall,calib_f1,calib_fpr,source_policy,selection_rule,policy_family,metrics_json,score_file
AHL_plain_ADPretrain,S0,production_normal_p95,ok,,0.6023166023166023,0.1,0.0379746835443038,3153857.046328485,0.055045871559633024,3,27,153,76,0.3244022503516174,0.22799332415375612,0.17450974155217408,0.17450974155217408,0.2857142857142857,0.05,0.0851063829787234,,,,production_normal_percentile,/ghome/huangjd/code/detected/adpretrain_bridge/output/20260519_ahl_plain_fixed_180_79_stage_v3/stages/S0/metrics/metrics.json,/ghome/huangjd/code/detected/adpretrain_bridge/output/20260519_ahl_plain_fixed_180_79_stage_v3/stages/S0/metrics/scores.csv
AHL_plain_ADPretrain,S0,strategy_stage_adaptive,ok,,0.305019305019305,0.305019305019305,1.0,3153857.046328485,0.46745562130177515,79,180,0,0,0.3244022503516174,0.22799332415375612,-0.0078119561076164246,-0.0078119561076164246,0.2857142857142857,1.0,0.4444444444444445,,strategy_recall_first_r95,min_threshold_with_recall_floor,strategy_stage_adaptive,/ghome/huangjd/code/detected/adpretrain_bridge/output/20260519_ahl_plain_fixed_180_79_stage_v3/stages/S0/metrics/metrics.json,/ghome/huangjd/code/detected/adpretrain_bridge/output/20260519_ahl_plain_fixed_180_79_stage_v3/stages/S0/metrics/scores.csv
AHL_plain_ADPretrain,S0,strategy_mild_stage_v2,ok,,0.305019305019305,0.305019305019305,1.0,3153857.046328485,0.46745562130177515,79,180,0,0,0.3244022503516174,0.22799332415375612,-0.004705287516117096,-0.004705287516117096,0.28776978417266186,1.0,0.44692737430167595,0.99,mild_recall90_fpr20,fallback_max_f1_with_recall_floor,strategy_mild_stage_v2,/ghome/huangjd/code/detected/adpretrain_bridge/output/20260519_ahl_plain_fixed_180_79_stage_v3/stages/S0/metrics/metrics.json,/ghome/huangjd/code/detected/adpretrain_bridge/output/20260519_ahl_plain_fixed_180_79_stage_v3/stages/S0/metrics/scores.csv
AHL_plain_ADPretrain,S0,strategy_stage_v3,ok,,0.30115830115830117,0.2992125984251969,0.9620253164556962,3153857.046328485,0.4564564564564565,76,178,2,3,0.3244022503516174,0.22799332415375612,0.040679194033145905,0.040679194033145905,0.27906976744186046,0.9,0.42603550295857995,,recall_at_95_highest_threshold,highest_threshold_with_recall_floor,strategy_stage_v3_highest_threshold,/ghome/huangjd/code/detected/adpretrain_bridge/output/20260519_ahl_plain_fixed_180_79_stage_v3/stages/S0/metrics/metrics.json,/ghome/huangjd/code/detected/adpretrain_bridge/output/20260519_ahl_plain_fixed_180_79_stage_v3/stages/S0/metrics/scores.csv
AHL_plain_ADPretrain,S0,recall_at_95_highest_threshold,ok,,0.30115830115830117,0.2992125984251969,0.9620253164556962,3153857.046328485,0.4564564564564565,76,178,2,3,0.3244022503516174,0.22799332415375612,0.040679194033145905,0.040679194033145905,0.27906976744186046,0.9,0.42603550295857995,,,highest_threshold_with_recall_floor,recall_highest_threshold,/ghome/huangjd/code/detected/adpretrain_bridge/output/20260519_ahl_plain_fixed_180_79_stage_v3/stages/S0/metrics/metrics.json,/ghome/huangjd/code/detected/adpretrain_bridge/output/20260519_ahl_plain_fixed_180_79_stage_v3/stages/S0/metrics/scores.csv
AHL_plain_ADPretrain,S0,recall_at_90_highest_threshold,ok,,0.2972972972972973,0.2964426877470356,0.9493670886075949,3153857.046328485,0.45180722891566266,75,178,2,4,0.3244022503516174,0.22799332415375612,0.044719889760017395,0.044719889760017395,0.2698412698412698,0.85,0.40963855421686746,,,highest_threshold_with_recall_floor,recall_highest_threshold,/ghome/huangjd/code/detected/adpretrain_bridge/output/20260519_ahl_plain_fixed_180_79_stage_v3/stages/S0/metrics/metrics.json,/ghome/huangjd/code/detected/adpretrain_bridge/output/20260519_ahl_plain_fixed_180_79_stage_v3/stages/S0/metrics/scores.csv
AHL_plain_ADPretrain,S0,strategy_balanced_f1,ok,,0.305019305019305,0.305019305019305,1.0,3153857.046328485,0.46745562130177515,79,180,0,0,0.3244022503516174,0.22799332415375612,-0.004705287516117096,-0.004705287516117096,0.28776978417266186,1.0,0.44692737430167595,,,validation_best_f1,strategy_balanced,/ghome/huangjd/code/detected/adpretrain_bridge/output/20260519_ahl_plain_fixed_180_79_stage_v3/stages/S0/metrics/metrics.json,/ghome/huangjd/code/detected/adpretrain_bridge/output/20260519_ahl_plain_fixed_180_79_stage_v3/stages/S0/metrics/scores.csv
AHL_plain_ADPretrain,S1,production_normal_p95,ok,,0.8223938223938224,0.8666666666666667,0.4936708860759494,3668855.651602149,0.6290322580645162,39,6,174,40,0.8771448663853727,0.8124572744182512,0.2732257939875125,0.2732257939875125,0.8275862068965517,0.6,0.6956521739130435,,,,production_normal_percentile,/ghome/huangjd/code/detected/adpretrain_bridge/output/20260519_ahl_plain_fixed_180_79_stage_v3/stages/S1/metrics/metrics.json,/ghome/huangjd/code/detected/adpretrain_bridge/output/20260519_ahl_plain_fixed_180_79_stage_v3/stages/S1/metrics/scores.csv
AHL_plain_ADPretrain,S1,strategy_stage_adaptive,ok,,0.305019305019305,0.305019305019305,1.0,3668855.651602149,0.46745562130177515,79,180,0,0,0.8771448663853727,0.8124572744182512,-0.1397697627544403,-0.1397697627544403,0.2857142857142857,1.0,0.4444444444444445,,strategy_recall_first_r95,min_threshold_with_recall_floor,strategy_stage_adaptive,/ghome/huangjd/code/detected/adpretrain_bridge/output/20260519_ahl_plain_fixed_180_79_stage_v3/stages/S1/metrics/metrics.json,/ghome/huangjd/code/detected/adpretrain_bridge/output/20260519_ahl_plain_fixed_180_79_stage_v3/stages/S1/metrics/scores.csv
AHL_plain_ADPretrain,S1,strategy_mild_stage_v2,ok,,0.6602316602316602,0.47058823529411764,0.9113924050632911,3668855.651602149,0.6206896551724137,72,81,99,7,0.8771448663853727,0.8124572744182512,0.0767723023891449,0.0767723023891449,0.3956043956043956,0.9,0.549618320610687,0.55,mild_recall90_fpr20,fallback_max_f1_with_recall_floor,strategy_mild_stage_v2,/ghome/huangjd/code/detected/adpretrain_bridge/output/20260519_ahl_plain_fixed_180_79_stage_v3/stages/S1/metrics/metrics.json,/ghome/huangjd/code/detected/adpretrain_bridge/output/20260519_ahl_plain_fixed_180_79_stage_v3/stages/S1/metrics/scores.csv
AHL_plain_ADPretrain,S1,strategy_stage_v3,ok,,0.6602316602316602,0.47058823529411764,0.9113924050632911,3668855.651602149,0.6206896551724137,72,81,99,7,0.8771448663853727,0.8124572744182512,0.0767723023891449,0.0767723023891449,0.3956043956043956,0.9,0.549618320610687,,recall_at_95_highest_threshold,highest_threshold_with_recall_floor,strategy_stage_v3_highest_threshold,/ghome/huangjd/code/detected/adpretrain_bridge/output/20260519_ahl_plain_fixed_180_79_stage_v3/stages/S1/metrics/metrics.json,/ghome/huangjd/code/detected/adpretrain_bridge/output/20260519_ahl_plain_fixed_180_79_stage_v3/stages/S1/metrics/scores.csv
AHL_plain_ADPretrain,S1,recall_at_95_highest_threshold,ok,,0.6602316602316602,0.47058823529411764,0.9113924050632911,3668855.651602149,0.6206896551724137,72,81,99,7,0.8771448663853727,0.8124572744182512,0.0767723023891449,0.0767723023891449,0.3956043956043956,0.9,0.549618320610687,,,highest_threshold_with_recall_floor,recall_highest_threshold,/ghome/huangjd/code/detected/adpretrain_bridge/output/20260519_ahl_plain_fixed_180_79_stage_v3/stages/S1/metrics/metrics.json,/ghome/huangjd/code/detected/adpretrain_bridge/output/20260519_ahl_plain_fixed_180_79_stage_v3/stages/S1/metrics/scores.csv
AHL_plain_ADPretrain,S1,recall_at_90_highest_threshold,ok,,0.8571428571428571,0.7916666666666666,0.7215189873417721,3668855.651602149,0.7549668874172185,57,15,165,22,0.8771448663853727,0.8124572744182512,0.15859583020210266,0.15859583020210266,0.6071428571428571,0.85,0.7083333333333333,,,highest_threshold_with_recall_floor,recall_highest_threshold,/ghome/huangjd/code/detected/adpretrain_bridge/output/20260519_ahl_plain_fixed_180_79_stage_v3/stages/S1/metrics/metrics.json,/ghome/huangjd/code/detected/adpretrain_bridge/output/20260519_ahl_plain_fixed_180_79_stage_v3/stages/S1/metrics/scores.csv
AHL_plain_ADPretrain,S1,strategy_balanced_f1,ok,,0.8455598455598455,0.8679245283018868,0.5822784810126582,3668855.651602149,0.6969696969696969,46,7,173,33,0.8771448663853727,0.8124572744182512,0.24556896090507507,0.24556896090507507,0.7941176470588235,0.675,0.7297297297297296,,,validation_best_f1,strategy_balanced,/ghome/huangjd/code/detected/adpretrain_bridge/output/20260519_ahl_plain_fixed_180_79_stage_v3/stages/S1/metrics/metrics.json,/ghome/huangjd/code/detected/adpretrain_bridge/output/20260519_ahl_plain_fixed_180_79_stage_v3/stages/S1/metrics/scores.csv
AHL_plain_ADPretrain,S2,production_normal_p95,ok,,0.8648648648648649,0.9074074074074074,0.620253164556962,3876124.412853271,0.7368421052631579,49,5,175,30,0.9431786216596343,0.8868944062818346,0.37846029065549364,0.37846029065549364,0.8529411764705882,0.725,0.7837837837837837,,,,production_normal_percentile,/ghome/huangjd/code/detected/adpretrain_bridge/output/20260519_ahl_plain_fixed_180_79_stage_v3/stages/S2/metrics/metrics.json,/ghome/huangjd/code/detected/adpretrain_bridge/output/20260519_ahl_plain_fixed_180_79_stage_v3/stages/S2/metrics/scores.csv
AHL_plain_ADPretrain,S2,strategy_stage_adaptive,ok,,0.3088803088803089,0.3062015503875969,1.0,3876124.412853271,0.46884272997032633,79,179,1,0,0.9431786216596343,0.8868944062818346,0.14985117316246033,0.14985117316246033,0.2857142857142857,1.0,0.4444444444444445,,strategy_recall_first_r95,min_threshold_with_recall_floor,strategy_stage_adaptive,/ghome/huangjd/code/detected/adpretrain_bridge/output/20260519_ahl_plain_fixed_180_79_stage_v3/stages/S2/metrics/metrics.json,/ghome/huangjd/code/detected/adpretrain_bridge/output/20260519_ahl_plain_fixed_180_79_stage_v3/stages/S2/metrics/scores.csv
AHL_plain_ADPretrain,S2,strategy_mild_stage_v2,ok,,0.8725868725868726,0.7555555555555555,0.8607594936708861,3876124.412853271,0.8047337278106509,68,22,158,11,0.9431786216596343,0.8868944062818346,0.2812008112668991,0.2812008112668991,0.5538461538461539,0.9,0.6857142857142857,0.29,mild_recall90_fpr20,fallback_max_f1_with_recall_floor,strategy_mild_stage_v2,/ghome/huangjd/code/detected/adpretrain_bridge/output/20260519_ahl_plain_fixed_180_79_stage_v3/stages/S2/metrics/metrics.json,/ghome/huangjd/code/detected/adpretrain_bridge/output/20260519_ahl_plain_fixed_180_79_stage_v3/stages/S2/metrics/scores.csv
AHL_plain_ADPretrain,S2,strategy_stage_v3,ok,,0.8725868725868726,0.7555555555555555,0.8607594936708861,3876124.412853271,0.8047337278106509,68,22,158,11,0.9431786216596343,0.8868944062818346,0.2812008112668991,0.2812008112668991,0.5538461538461539,0.9,0.6857142857142857,,recall_at_95_highest_threshold,highest_threshold_with_recall_floor,strategy_stage_v3_highest_threshold,/ghome/huangjd/code/detected/adpretrain_bridge/output/20260519_ahl_plain_fixed_180_79_stage_v3/stages/S2/metrics/metrics.json,/ghome/huangjd/code/detected/adpretrain_bridge/output/20260519_ahl_plain_fixed_180_79_stage_v3/stages/S2/metrics/scores.csv
AHL_plain_ADPretrain,S2,recall_at_95_highest_threshold,ok,,0.8725868725868726,0.7555555555555555,0.8607594936708861,3876124.412853271,0.8047337278106509,68,22,158,11,0.9431786216596343,0.8868944062818346,0.2812008112668991,0.2812008112668991,0.5538461538461539,0.9,0.6857142857142857,,,highest_threshold_with_recall_floor,recall_highest_threshold,/ghome/huangjd/code/detected/adpretrain_bridge/output/20260519_ahl_plain_fixed_180_79_stage_v3/stages/S2/metrics/metrics.json,/ghome/huangjd/code/detected/adpretrain_bridge/output/20260519_ahl_plain_fixed_180_79_stage_v3/stages/S2/metrics/scores.csv
AHL_plain_ADPretrain,S2,recall_at_90_highest_threshold,ok,,0.8918918918918919,0.8805970149253731,0.7468354430379747,3876124.412853271,0.8082191780821918,59,8,172,20,0.9431786216596343,0.8868944062818346,0.3268994316458702,0.3268994316458702,0.723404255319149,0.85,0.7816091954022989,,,highest_threshold_with_recall_floor,recall_highest_threshold,/ghome/huangjd/code/detected/adpretrain_bridge/output/20260519_ahl_plain_fixed_180_79_stage_v3/stages/S2/metrics/metrics.json,/ghome/huangjd/code/detected/adpretrain_bridge/output/20260519_ahl_plain_fixed_180_79_stage_v3/stages/S2/metrics/scores.csv
AHL_plain_ADPretrain,S2,strategy_balanced_f1,ok,,0.8725868725868726,0.896551724137931,0.6582278481012658,3876124.412853271,0.759124087591241,52,6,174,27,0.9431786216596343,0.8868944062818346,0.3615219295024872,0.3615219295024872,0.8048780487804879,0.825,0.8148148148148149,,,validation_best_f1,strategy_balanced,/ghome/huangjd/code/detected/adpretrain_bridge/output/20260519_ahl_plain_fixed_180_79_stage_v3/stages/S2/metrics/metrics.json,/ghome/huangjd/code/detected/adpretrain_bridge/output/20260519_ahl_plain_fixed_180_79_stage_v3/stages/S2/metrics/scores.csv
AHL_plain_ADPretrain,S3,production_normal_p95,ok,,0.8764478764478765,0.9272727272727272,0.6455696202531646,3250976.7528623343,0.7611940298507464,51,4,176,28,0.9244022503516175,0.8793358268853829,0.39785471074283124,0.39785471074283124,0.8571428571428571,0.75,0.7999999999999999,,,,production_normal_percentile,/ghome/huangjd/code/detected/adpretrain_bridge/output/20260519_ahl_plain_fixed_180_79_stage_v3/stages/S3/metrics/metrics.json,/ghome/huangjd/code/detected/adpretrain_bridge/output/20260519_ahl_plain_fixed_180_79_stage_v3/stages/S3/metrics/scores.csv
AHL_plain_ADPretrain,S3,strategy_stage_adaptive,ok,,0.305019305019305,0.305019305019305,1.0,3250976.7528623343,0.46745562130177515,79,180,0,0,0.9244022503516175,0.8793358268853829,0.1558942347764969,0.1558942347764969,0.2857142857142857,1.0,0.4444444444444445,,strategy_recall_first_r95,min_threshold_with_recall_floor,strategy_stage_adaptive,/ghome/huangjd/code/detected/adpretrain_bridge/output/20260519_ahl_plain_fixed_180_79_stage_v3/stages/S3/metrics/metrics.json,/ghome/huangjd/code/detected/adpretrain_bridge/output/20260519_ahl_plain_fixed_180_79_stage_v3/stages/S3/metrics/scores.csv
AHL_plain_ADPretrain,S3,strategy_mild_stage_v2,ok,,0.888030888030888,0.890625,0.7215189873417721,3250976.7528623343,0.7972027972027972,57,7,173,22,0.9244022503516175,0.8793358268853829,0.35179056972265244,0.35179056972265244,0.68,0.85,0.7555555555555556,0.16,mild_recall85_fpr10,fallback_max_f1_with_recall_floor,strategy_mild_stage_v2,/ghome/huangjd/code/detected/adpretrain_bridge/output/20260519_ahl_plain_fixed_180_79_stage_v3/stages/S3/metrics/metrics.json,/ghome/huangjd/code/detected/adpretrain_bridge/output/20260519_ahl_plain_fixed_180_79_stage_v3/stages/S3/metrics/scores.csv
AHL_plain_ADPretrain,S3,strategy_stage_v3,ok,,0.8764478764478765,0.7640449438202247,0.8607594936708861,3250976.7528623343,0.8095238095238095,68,21,159,11,0.9244022503516175,0.8793358268853829,0.31080158054828644,0.31080158054828644,0.5538461538461539,0.9,0.6857142857142857,,recall_at_95_highest_threshold,highest_threshold_with_recall_floor,strategy_stage_v3_highest_threshold,/ghome/huangjd/code/detected/adpretrain_bridge/output/20260519_ahl_plain_fixed_180_79_stage_v3/stages/S3/metrics/metrics.json,/ghome/huangjd/code/detected/adpretrain_bridge/output/20260519_ahl_plain_fixed_180_79_stage_v3/stages/S3/metrics/scores.csv
AHL_plain_ADPretrain,S3,recall_at_95_highest_threshold,ok,,0.8764478764478765,0.7640449438202247,0.8607594936708861,3250976.7528623343,0.8095238095238095,68,21,159,11,0.9244022503516175,0.8793358268853829,0.31080158054828644,0.31080158054828644,0.5538461538461539,0.9,0.6857142857142857,,,highest_threshold_with_recall_floor,recall_highest_threshold,/ghome/huangjd/code/detected/adpretrain_bridge/output/20260519_ahl_plain_fixed_180_79_stage_v3/stages/S3/metrics/metrics.json,/ghome/huangjd/code/detected/adpretrain_bridge/output/20260519_ahl_plain_fixed_180_79_stage_v3/stages/S3/metrics/scores.csv
AHL_plain_ADPretrain,S3,recall_at_90_highest_threshold,ok,,0.888030888030888,0.890625,0.7215189873417721,3250976.7528623343,0.7972027972027972,57,7,173,22,0.9244022503516175,0.8793358268853829,0.35179056972265244,0.35179056972265244,0.68,0.85,0.7555555555555556,,,highest_threshold_with_recall_floor,recall_highest_threshold,/ghome/huangjd/code/detected/adpretrain_bridge/output/20260519_ahl_plain_fixed_180_79_stage_v3/stages/S3/metrics/metrics.json,/ghome/huangjd/code/detected/adpretrain_bridge/output/20260519_ahl_plain_fixed_180_79_stage_v3/stages/S3/metrics/scores.csv
AHL_plain_ADPretrain,S3,strategy_balanced_f1,ok,,0.8687258687258688,0.9245283018867925,0.620253164556962,3250976.7528623343,0.7424242424242424,49,4,176,30,0.9244022503516175,0.8793358268853829,0.4081982374191284,0.4081982374191284,0.8823529411764706,0.75,0.8108108108108107,,,validation_best_f1,strategy_balanced,/ghome/huangjd/code/detected/adpretrain_bridge/output/20260519_ahl_plain_fixed_180_79_stage_v3/stages/S3/metrics/metrics.json,/ghome/huangjd/code/detected/adpretrain_bridge/output/20260519_ahl_plain_fixed_180_79_stage_v3/stages/S3/metrics/scores.csv
AHL_plain_ADPretrain,S4,production_normal_p95,ok,,0.8571428571428571,0.9375,0.569620253164557,3775593.153730035,0.7086614173228347,45,3,177,34,0.8883263009845288,0.844429224860824,0.4300423271022737,0.4300423271022737,0.8484848484848485,0.7,0.7671232876712328,,,,production_normal_percentile,/ghome/huangjd/code/detected/adpretrain_bridge/output/20260519_ahl_plain_fixed_180_79_stage_v3/stages/S4/metrics/metrics.json,/ghome/huangjd/code/detected/adpretrain_bridge/output/20260519_ahl_plain_fixed_180_79_stage_v3/stages/S4/metrics/scores.csv
AHL_plain_ADPretrain,S4,strategy_stage_adaptive,ok,,0.3281853281853282,0.3107569721115538,0.9873417721518988,3775593.153730035,0.4727272727272727,78,173,7,1,0.8883263009845288,0.844429224860824,0.2241966724395752,0.2241966724395752,0.2857142857142857,1.0,0.4444444444444445,,strategy_recall_first_r95,min_threshold_with_recall_floor,strategy_stage_adaptive,/ghome/huangjd/code/detected/adpretrain_bridge/output/20260519_ahl_plain_fixed_180_79_stage_v3/stages/S4/metrics/metrics.json,/ghome/huangjd/code/detected/adpretrain_bridge/output/20260519_ahl_plain_fixed_180_79_stage_v3/stages/S4/metrics/scores.csv
AHL_plain_ADPretrain,S4,strategy_mild_stage_v2,ok,,0.8841698841698842,0.8656716417910447,0.7341772151898734,3775593.153730035,0.7945205479452054,58,9,171,21,0.8883263009845288,0.844429224860824,0.3606254532933235,0.3606254532933235,0.7083333333333334,0.85,0.7727272727272727,0.14,mild_recall85_fpr10,fallback_max_f1_with_recall_floor,strategy_mild_stage_v2,/ghome/huangjd/code/detected/adpretrain_bridge/output/20260519_ahl_plain_fixed_180_79_stage_v3/stages/S4/metrics/metrics.json,/ghome/huangjd/code/detected/adpretrain_bridge/output/20260519_ahl_plain_fixed_180_79_stage_v3/stages/S4/metrics/scores.csv
AHL_plain_ADPretrain,S4,strategy_stage_v3,ok,,0.7683397683397684,0.5798319327731093,0.8734177215189873,3775593.153730035,0.696969696969697,69,50,130,10,0.8883263009845288,0.844429224860824,0.29232092574238777,0.29232092574238777,0.391304347826087,0.9,0.5454545454545454,,recall_at_95_highest_threshold,highest_threshold_with_recall_floor,strategy_stage_v3_highest_threshold,/ghome/huangjd/code/detected/adpretrain_bridge/output/20260519_ahl_plain_fixed_180_79_stage_v3/stages/S4/metrics/metrics.json,/ghome/huangjd/code/detected/adpretrain_bridge/output/20260519_ahl_plain_fixed_180_79_stage_v3/stages/S4/metrics/scores.csv
AHL_plain_ADPretrain,S4,recall_at_95_highest_threshold,ok,,0.7683397683397684,0.5798319327731093,0.8734177215189873,3775593.153730035,0.696969696969697,69,50,130,10,0.8883263009845288,0.844429224860824,0.29232092574238777,0.29232092574238777,0.391304347826087,0.9,0.5454545454545454,,,highest_threshold_with_recall_floor,recall_highest_threshold,/ghome/huangjd/code/detected/adpretrain_bridge/output/20260519_ahl_plain_fixed_180_79_stage_v3/stages/S4/metrics/metrics.json,/ghome/huangjd/code/detected/adpretrain_bridge/output/20260519_ahl_plain_fixed_180_79_stage_v3/stages/S4/metrics/scores.csv
AHL_plain_ADPretrain,S4,recall_at_90_highest_threshold,ok,,0.8841698841698842,0.8656716417910447,0.7341772151898734,3775593.153730035,0.7945205479452054,58,9,171,21,0.8883263009845288,0.844429224860824,0.3606254532933235,0.3606254532933235,0.7083333333333334,0.85,0.7727272727272727,,,highest_threshold_with_recall_floor,recall_highest_threshold,/ghome/huangjd/code/detected/adpretrain_bridge/output/20260519_ahl_plain_fixed_180_79_stage_v3/stages/S4/metrics/metrics.json,/ghome/huangjd/code/detected/adpretrain_bridge/output/20260519_ahl_plain_fixed_180_79_stage_v3/stages/S4/metrics/scores.csv
AHL_plain_ADPretrain,S4,strategy_balanced_f1,ok,,0.8648648648648649,0.8928571428571429,0.6329113924050633,3775593.153730035,0.7407407407407407,50,6,174,29,0.8883263009845288,0.844429224860824,0.39608705043792725,0.39608705043792725,0.7948717948717948,0.775,0.7848101265822786,,,validation_best_f1,strategy_balanced,/ghome/huangjd/code/detected/adpretrain_bridge/output/20260519_ahl_plain_fixed_180_79_stage_v3/stages/S4/metrics/metrics.json,/ghome/huangjd/code/detected/adpretrain_bridge/output/20260519_ahl_plain_fixed_180_79_stage_v3/stages/S4/metrics/scores.csv
AHL_plain_ADPretrain,S5,production_normal_p95,ok,,0.861003861003861,0.9056603773584906,0.6075949367088608,4233165.346100926,0.7272727272727274,48,5,175,31,0.9372011251758088,0.8810721200020646,0.5287392637692392,0.5287392637692392,0.8529411764705882,0.725,0.7837837837837837,,,,production_normal_percentile,/ghome/huangjd/code/detected/adpretrain_bridge/output/20260519_ahl_plain_fixed_180_79_stage_v3/stages/S5/metrics/metrics.json,/ghome/huangjd/code/detected/adpretrain_bridge/output/20260519_ahl_plain_fixed_180_79_stage_v3/stages/S5/metrics/scores.csv
AHL_plain_ADPretrain,S5,strategy_stage_adaptive,ok,,0.3088803088803089,0.3062015503875969,1.0,4233165.346100926,0.46884272997032633,79,179,1,0,0.9372011251758088,0.8810721200020646,0.3026873916387558,0.3026873916387558,0.2857142857142857,1.0,0.4444444444444445,,strategy_recall_first_r90,min_threshold_with_recall_floor,strategy_stage_adaptive,/ghome/huangjd/code/detected/adpretrain_bridge/output/20260519_ahl_plain_fixed_180_79_stage_v3/stages/S5/metrics/metrics.json,/ghome/huangjd/code/detected/adpretrain_bridge/output/20260519_ahl_plain_fixed_180_79_stage_v3/stages/S5/metrics/scores.csv
AHL_plain_ADPretrain,S5,strategy_mild_stage_v2,ok,,0.8957528957528957,0.8823529411764706,0.759493670886076,4233165.346100926,0.8163265306122449,60,8,172,19,0.9372011251758088,0.8810721200020646,0.44921481795609,0.44921481795609,0.7142857142857143,0.875,0.7865168539325842,0.14,mild_recall85_fpr10,fallback_max_f1_with_recall_floor,strategy_mild_stage_v2,/ghome/huangjd/code/detected/adpretrain_bridge/output/20260519_ahl_plain_fixed_180_79_stage_v3/stages/S5/metrics/metrics.json,/ghome/huangjd/code/detected/adpretrain_bridge/output/20260519_ahl_plain_fixed_180_79_stage_v3/stages/S5/metrics/scores.csv
AHL_plain_ADPretrain,S5,strategy_stage_v3,ok,,0.8841698841698842,0.8888888888888888,0.7088607594936709,4233165.346100926,0.7887323943661971,56,7,173,23,0.9372011251758088,0.8810721200020646,0.46136658475734293,0.46136658475734293,0.723404255319149,0.85,0.7816091954022989,,recall_at_90_highest_threshold,highest_threshold_with_recall_floor,strategy_stage_v3_highest_threshold,/ghome/huangjd/code/detected/adpretrain_bridge/output/20260519_ahl_plain_fixed_180_79_stage_v3/stages/S5/metrics/metrics.json,/ghome/huangjd/code/detected/adpretrain_bridge/output/20260519_ahl_plain_fixed_180_79_stage_v3/stages/S5/metrics/scores.csv
AHL_plain_ADPretrain,S5,recall_at_95_highest_threshold,ok,,0.8996138996138996,0.8533333333333334,0.810126582278481,4233165.346100926,0.8311688311688312,64,11,169,15,0.9372011251758088,0.8810721200020646,0.4263533055782318,0.4263533055782318,0.6666666666666666,0.9,0.7659574468085106,,,highest_threshold_with_recall_floor,recall_highest_threshold,/ghome/huangjd/code/detected/adpretrain_bridge/output/20260519_ahl_plain_fixed_180_79_stage_v3/stages/S5/metrics/metrics.json,/ghome/huangjd/code/detected/adpretrain_bridge/output/20260519_ahl_plain_fixed_180_79_stage_v3/stages/S5/metrics/scores.csv
AHL_plain_ADPretrain,S5,recall_at_90_highest_threshold,ok,,0.8841698841698842,0.8888888888888888,0.7088607594936709,4233165.346100926,0.7887323943661971,56,7,173,23,0.9372011251758088,0.8810721200020646,0.46136658475734293,0.46136658475734293,0.723404255319149,0.85,0.7816091954022989,,,highest_threshold_with_recall_floor,recall_highest_threshold,/ghome/huangjd/code/detected/adpretrain_bridge/output/20260519_ahl_plain_fixed_180_79_stage_v3/stages/S5/metrics/metrics.json,/ghome/huangjd/code/detected/adpretrain_bridge/output/20260519_ahl_plain_fixed_180_79_stage_v3/stages/S5/metrics/scores.csv
AHL_plain_ADPretrain,S5,strategy_balanced_f1,ok,,0.861003861003861,0.9056603773584906,0.6075949367088608,4233165.346100926,0.7272727272727274,48,5,175,31,0.9372011251758088,0.8810721200020646,0.5285771347116679,0.5285771347116679,0.8571428571428571,0.75,0.7999999999999999,,,validation_best_f1,strategy_balanced,/ghome/huangjd/code/detected/adpretrain_bridge/output/20260519_ahl_plain_fixed_180_79_stage_v3/stages/S5/metrics/metrics.json,/ghome/huangjd/code/detected/adpretrain_bridge/output/20260519_ahl_plain_fixed_180_79_stage_v3/stages/S5/metrics/scores.csv
AHL_plain_ADPretrain,S6,production_normal_p95,ok,,0.888030888030888,0.9310344827586207,0.6835443037974683,4558703.065246344,0.7883211678832116,54,4,176,25,0.9402250351617439,0.8921821235564583,0.4116406745277345,0.4116406745277345,0.8571428571428571,0.75,0.7999999999999999,,,,production_normal_percentile,/ghome/huangjd/code/detected/adpretrain_bridge/output/20260519_ahl_plain_fixed_180_79_stage_v3/stages/S6/metrics/metrics.json,/ghome/huangjd/code/detected/adpretrain_bridge/output/20260519_ahl_plain_fixed_180_79_stage_v3/stages/S6/metrics/scores.csv
AHL_plain_ADPretrain,S6,strategy_stage_adaptive,ok,,0.3088803088803089,0.3062015503875969,1.0,4558703.065246344,0.46884272997032633,79,179,1,0,0.9402250351617439,0.8921821235564583,0.26667749136686325,0.26667749136686325,0.2857142857142857,1.0,0.4444444444444445,,strategy_recall_first_r90,min_threshold_with_recall_floor,strategy_stage_adaptive,/ghome/huangjd/code/detected/adpretrain_bridge/output/20260519_ahl_plain_fixed_180_79_stage_v3/stages/S6/metrics/metrics.json,/ghome/huangjd/code/detected/adpretrain_bridge/output/20260519_ahl_plain_fixed_180_79_stage_v3/stages/S6/metrics/scores.csv
AHL_plain_ADPretrain,S6,strategy_mild_stage_v2,ok,,0.9073359073359073,0.8873239436619719,0.7974683544303798,4558703.065246344,0.8400000000000001,63,8,172,16,0.9402250351617439,0.8921821235564583,0.3785334676504135,0.3785334676504135,0.6538461538461539,0.85,0.7391304347826088,0.18,mild_recall85_fpr10,fallback_max_f1_with_recall_floor,strategy_mild_stage_v2,/ghome/huangjd/code/detected/adpretrain_bridge/output/20260519_ahl_plain_fixed_180_79_stage_v3/stages/S6/metrics/metrics.json,/ghome/huangjd/code/detected/adpretrain_bridge/output/20260519_ahl_plain_fixed_180_79_stage_v3/stages/S6/metrics/scores.csv
AHL_plain_ADPretrain,S6,strategy_stage_v3,ok,,0.9073359073359073,0.8873239436619719,0.7974683544303798,4558703.065246344,0.8400000000000001,63,8,172,16,0.9402250351617439,0.8921821235564583,0.3785334676504135,0.3785334676504135,0.6538461538461539,0.85,0.7391304347826088,,recall_at_90_highest_threshold,highest_threshold_with_recall_floor,strategy_stage_v3_highest_threshold,/ghome/huangjd/code/detected/adpretrain_bridge/output/20260519_ahl_plain_fixed_180_79_stage_v3/stages/S6/metrics/metrics.json,/ghome/huangjd/code/detected/adpretrain_bridge/output/20260519_ahl_plain_fixed_180_79_stage_v3/stages/S6/metrics/scores.csv
AHL_plain_ADPretrain,S6,recall_at_95_highest_threshold,ok,,0.888030888030888,0.7976190476190477,0.8481012658227848,4558703.065246344,0.8220858895705523,67,17,163,12,0.9402250351617439,0.8921821235564583,0.36010588984936476,0.36010588984936476,0.5538461538461539,0.9,0.6857142857142857,,,highest_threshold_with_recall_floor,recall_highest_threshold,/ghome/huangjd/code/detected/adpretrain_bridge/output/20260519_ahl_plain_fixed_180_79_stage_v3/stages/S6/metrics/metrics.json,/ghome/huangjd/code/detected/adpretrain_bridge/output/20260519_ahl_plain_fixed_180_79_stage_v3/stages/S6/metrics/scores.csv
AHL_plain_ADPretrain,S6,recall_at_90_highest_threshold,ok,,0.9073359073359073,0.8873239436619719,0.7974683544303798,4558703.065246344,0.8400000000000001,63,8,172,16,0.9402250351617439,0.8921821235564583,0.3785334676504135,0.3785334676504135,0.6538461538461539,0.85,0.7391304347826088,,,highest_threshold_with_recall_floor,recall_highest_threshold,/ghome/huangjd/code/detected/adpretrain_bridge/output/20260519_ahl_plain_fixed_180_79_stage_v3/stages/S6/metrics/metrics.json,/ghome/huangjd/code/detected/adpretrain_bridge/output/20260519_ahl_plain_fixed_180_79_stage_v3/stages/S6/metrics/scores.csv
AHL_plain_ADPretrain,S6,strategy_balanced_f1,ok,,0.8648648648648649,0.94,0.5949367088607594,4558703.065246344,0.7286821705426355,47,3,177,32,0.9402250351617439,0.8921821235564583,0.43290501087903976,0.43290501087903976,0.9090909090909091,0.75,0.821917808219178,,,validation_best_f1,strategy_balanced,/ghome/huangjd/code/detected/adpretrain_bridge/output/20260519_ahl_plain_fixed_180_79_stage_v3/stages/S6/metrics/metrics.json,/ghome/huangjd/code/detected/adpretrain_bridge/output/20260519_ahl_plain_fixed_180_79_stage_v3/stages/S6/metrics/scores.csv
AHL_plain_ADPretrain,S7,production_normal_p95,ok,,0.861003861003861,0.9215686274509803,0.5949367088607594,4670110.565160401,0.7230769230769231,47,4,176,32,0.9372714486638538,0.8807387469988645,0.4129154408816248,0.4129154408816248,0.84375,0.675,0.75,,,,production_normal_percentile,/ghome/huangjd/code/detected/adpretrain_bridge/output/20260519_ahl_plain_fixed_180_79_stage_v3/stages/S7/metrics/metrics.json,/ghome/huangjd/code/detected/adpretrain_bridge/output/20260519_ahl_plain_fixed_180_79_stage_v3/stages/S7/metrics/scores.csv
AHL_plain_ADPretrain,S7,strategy_stage_adaptive,ok,,0.861003861003861,0.9056603773584906,0.6075949367088608,4670110.565160401,0.7272727272727274,48,5,175,31,0.9372714486638538,0.8807387469988645,0.4042283445596695,0.4042283445596695,0.8378378378378378,0.775,0.8051948051948051,,strategy_balanced_f1,validation_best_f1,strategy_stage_adaptive,/ghome/huangjd/code/detected/adpretrain_bridge/output/20260519_ahl_plain_fixed_180_79_stage_v3/stages/S7/metrics/metrics.json,/ghome/huangjd/code/detected/adpretrain_bridge/output/20260519_ahl_plain_fixed_180_79_stage_v3/stages/S7/metrics/scores.csv
AHL_plain_ADPretrain,S7,strategy_mild_stage_v2,ok,,0.861003861003861,0.9056603773584906,0.6075949367088608,4670110.565160401,0.7272727272727274,48,5,175,31,0.9372714486638538,0.8807387469988645,0.4042283445596695,0.4042283445596695,0.8378378378378378,0.775,0.8051948051948051,0.06,balanced_f1_late,validation_balanced_f1,strategy_mild_stage_v2,/ghome/huangjd/code/detected/adpretrain_bridge/output/20260519_ahl_plain_fixed_180_79_stage_v3/stages/S7/metrics/metrics.json,/ghome/huangjd/code/detected/adpretrain_bridge/output/20260519_ahl_plain_fixed_180_79_stage_v3/stages/S7/metrics/scores.csv
AHL_plain_ADPretrain,S7,strategy_stage_v3,ok,,0.861003861003861,0.9056603773584906,0.6075949367088608,4670110.565160401,0.7272727272727274,48,5,175,31,0.9372714486638538,0.8807387469988645,0.4042283445596695,0.4042283445596695,0.8378378378378378,0.775,0.8051948051948051,,strategy_balanced_f1,validation_best_f1,strategy_stage_v3_highest_threshold,/ghome/huangjd/code/detected/adpretrain_bridge/output/20260519_ahl_plain_fixed_180_79_stage_v3/stages/S7/metrics/metrics.json,/ghome/huangjd/code/detected/adpretrain_bridge/output/20260519_ahl_plain_fixed_180_79_stage_v3/stages/S7/metrics/scores.csv
AHL_plain_ADPretrain,S7,recall_at_95_highest_threshold,ok,,0.888030888030888,0.7906976744186046,0.8607594936708861,4670110.565160401,0.8242424242424243,68,18,162,11,0.9372714486638538,0.8807387469988645,0.34466002974659204,0.34466002974659204,0.5142857142857142,0.9,0.6545454545454545,,,highest_threshold_with_recall_floor,recall_highest_threshold,/ghome/huangjd/code/detected/adpretrain_bridge/output/20260519_ahl_plain_fixed_180_79_stage_v3/stages/S7/metrics/metrics.json,/ghome/huangjd/code/detected/adpretrain_bridge/output/20260519_ahl_plain_fixed_180_79_stage_v3/stages/S7/metrics/scores.csv
AHL_plain_ADPretrain,S7,recall_at_90_highest_threshold,ok,,0.888030888030888,0.8676470588235294,0.7468354430379747,4670110.565160401,0.8027210884353742,59,9,171,20,0.9372714486638538,0.8807387469988645,0.36729516461491585,0.36729516461491585,0.6666666666666666,0.85,0.7472527472527473,,,highest_threshold_with_recall_floor,recall_highest_threshold,/ghome/huangjd/code/detected/adpretrain_bridge/output/20260519_ahl_plain_fixed_180_79_stage_v3/stages/S7/metrics/metrics.json,/ghome/huangjd/code/detected/adpretrain_bridge/output/20260519_ahl_plain_fixed_180_79_stage_v3/stages/S7/metrics/scores.csv
AHL_plain_ADPretrain,S7,strategy_balanced_f1,ok,,0.861003861003861,0.9056603773584906,0.6075949367088608,4670110.565160401,0.7272727272727274,48,5,175,31,0.9372714486638538,0.8807387469988645,0.4042283445596695,0.4042283445596695,0.8378378378378378,0.775,0.8051948051948051,,,validation_best_f1,strategy_balanced,/ghome/huangjd/code/detected/adpretrain_bridge/output/20260519_ahl_plain_fixed_180_79_stage_v3/stages/S7/metrics/metrics.json,/ghome/huangjd/code/detected/adpretrain_bridge/output/20260519_ahl_plain_fixed_180_79_stage_v3/stages/S7/metrics/scores.csv
AHL_plain_ADPretrain,S8,production_normal_p95,ok,,0.8687258687258688,0.8947368421052632,0.6455696202531646,4717836.076593958,0.7500000000000001,51,6,174,28,0.9212376933895922,0.8782447268055547,0.4129539327928796,0.4129539327928796,0.8571428571428571,0.75,0.7999999999999999,,,,production_normal_percentile,/ghome/huangjd/code/detected/adpretrain_bridge/output/20260519_ahl_plain_fixed_180_79_stage_v3/stages/S8/metrics/metrics.json,/ghome/huangjd/code/detected/adpretrain_bridge/output/20260519_ahl_plain_fixed_180_79_stage_v3/stages/S8/metrics/scores.csv
AHL_plain_ADPretrain,S8,strategy_stage_adaptive,ok,,0.8687258687258688,0.9591836734693877,0.5949367088607594,4717836.076593958,0.7343749999999999,47,2,178,32,0.9212376933895922,0.8782447268055547,0.43678512680344284,0.43678512680344284,0.9090909090909091,0.75,0.821917808219178,,strategy_balanced_f1,validation_best_f1,strategy_stage_adaptive,/ghome/huangjd/code/detected/adpretrain_bridge/output/20260519_ahl_plain_fixed_180_79_stage_v3/stages/S8/metrics/metrics.json,/ghome/huangjd/code/detected/adpretrain_bridge/output/20260519_ahl_plain_fixed_180_79_stage_v3/stages/S8/metrics/scores.csv
AHL_plain_ADPretrain,S8,strategy_mild_stage_v2,ok,,0.8687258687258688,0.9591836734693877,0.5949367088607594,4717836.076593958,0.7343749999999999,47,2,178,32,0.9212376933895922,0.8782447268055547,0.43678512680344284,0.43678512680344284,0.9090909090909091,0.75,0.821917808219178,0.03,balanced_f1_late,validation_balanced_f1,strategy_mild_stage_v2,/ghome/huangjd/code/detected/adpretrain_bridge/output/20260519_ahl_plain_fixed_180_79_stage_v3/stages/S8/metrics/metrics.json,/ghome/huangjd/code/detected/adpretrain_bridge/output/20260519_ahl_plain_fixed_180_79_stage_v3/stages/S8/metrics/scores.csv
AHL_plain_ADPretrain,S8,strategy_stage_v3,ok,,0.8687258687258688,0.9591836734693877,0.5949367088607594,4717836.076593958,0.7343749999999999,47,2,178,32,0.9212376933895922,0.8782447268055547,0.43678512680344284,0.43678512680344284,0.9090909090909091,0.75,0.821917808219178,,strategy_balanced_f1,validation_best_f1,strategy_stage_v3_highest_threshold,/ghome/huangjd/code/detected/adpretrain_bridge/output/20260519_ahl_plain_fixed_180_79_stage_v3/stages/S8/metrics/metrics.json,/ghome/huangjd/code/detected/adpretrain_bridge/output/20260519_ahl_plain_fixed_180_79_stage_v3/stages/S8/metrics/scores.csv
AHL_plain_ADPretrain,S8,recall_at_95_highest_threshold,ok,,0.861003861003861,0.7263157894736842,0.8734177215189873,4717836.076593958,0.7931034482758621,69,26,154,10,0.9212376933895922,0.8782447268055547,0.34320007637143135,0.34320007637143135,0.5142857142857142,0.9,0.6545454545454545,,,highest_threshold_with_recall_floor,recall_highest_threshold,/ghome/huangjd/code/detected/adpretrain_bridge/output/20260519_ahl_plain_fixed_180_79_stage_v3/stages/S8/metrics/metrics.json,/ghome/huangjd/code/detected/adpretrain_bridge/output/20260519_ahl_plain_fixed_180_79_stage_v3/stages/S8/metrics/scores.csv
AHL_plain_ADPretrain,S8,recall_at_90_highest_threshold,ok,,0.8957528957528957,0.8939393939393939,0.7468354430379747,4717836.076593958,0.8137931034482758,59,7,173,20,0.9212376933895922,0.8782447268055547,0.3844299712218344,0.3844299712218344,0.7391304347826086,0.85,0.7906976744186046,,,highest_threshold_with_recall_floor,recall_highest_threshold,/ghome/huangjd/code/detected/adpretrain_bridge/output/20260519_ahl_plain_fixed_180_79_stage_v3/stages/S8/metrics/metrics.json,/ghome/huangjd/code/detected/adpretrain_bridge/output/20260519_ahl_plain_fixed_180_79_stage_v3/stages/S8/metrics/scores.csv
AHL_plain_ADPretrain,S8,strategy_balanced_f1,ok,,0.8687258687258688,0.9591836734693877,0.5949367088607594,4717836.076593958,0.7343749999999999,47,2,178,32,0.9212376933895922,0.8782447268055547,0.43678512680344284,0.43678512680344284,0.9090909090909091,0.75,0.821917808219178,,,validation_best_f1,strategy_balanced,/ghome/huangjd/code/detected/adpretrain_bridge/output/20260519_ahl_plain_fixed_180_79_stage_v3/stages/S8/metrics/metrics.json,/ghome/huangjd/code/detected/adpretrain_bridge/output/20260519_ahl_plain_fixed_180_79_stage_v3/stages/S8/metrics/scores.csv
YOLO26s_cls,S0,ALL,missing,metrics not found under /ghome/huangjd/code/detected/adpretrain_bridge/output/20260519_yolo26s_cls_fixed_180_79_stage_v3,,,,,,,,,,,,,,,,,,,,,,
YOLO26s_cls,S1,production_normal_p95,ok,,0.7992277992277992,0.9090909090909091,0.379746835443038,86.11741176587044,0.5357142857142857,30,3,177,49,0.8534458509142053,0.7917261783049618,0.18315262347459738,0.18315262347459738,0.7222222222222222,0.325,0.44827586206896547,,,,production_normal_percentile,/ghome/huangjd/code/detected/adpretrain_bridge/output/20260519_yolo26s_cls_fixed_180_79_stage_v3/stages/S1/metrics/metrics.json,/ghome/huangjd/code/detected/adpretrain_bridge/output/20260519_yolo26s_cls_fixed_180_79_stage_v3/stages/S1/metrics/scores.csv
YOLO26s_cls,S1,strategy_stage_adaptive,ok,,0.3088803088803089,0.3062015503875969,1.0,86.11741176587044,0.46884272997032633,79,179,1,0,0.8534458509142053,0.7917261783049618,1.5784067727508955e-05,1.5784067727508955e-05,0.2857142857142857,1.0,0.4444444444444445,,strategy_recall_first_r95,min_threshold_with_recall_floor,strategy_stage_adaptive,/ghome/huangjd/code/detected/adpretrain_bridge/output/20260519_yolo26s_cls_fixed_180_79_stage_v3/stages/S1/metrics/metrics.json,/ghome/huangjd/code/detected/adpretrain_bridge/output/20260519_yolo26s_cls_fixed_180_79_stage_v3/stages/S1/metrics/scores.csv
YOLO26s_cls,S1,strategy_mild_stage_v2,ok,,0.4362934362934363,0.34841628959276016,0.9746835443037974,86.11741176587044,0.5133333333333333,77,144,36,2,0.8534458509142053,0.7917261783049618,7.794302655383945e-05,7.794302655383945e-05,0.30158730158730157,0.95,0.4578313253012048,0.88,mild_recall90_fpr20,fallback_max_f1_with_recall_floor,strategy_mild_stage_v2,/ghome/huangjd/code/detected/adpretrain_bridge/output/20260519_yolo26s_cls_fixed_180_79_stage_v3/stages/S1/metrics/metrics.json,/ghome/huangjd/code/detected/adpretrain_bridge/output/20260519_yolo26s_cls_fixed_180_79_stage_v3/stages/S1/metrics/scores.csv
YOLO26s_cls,S1,strategy_stage_v3,ok,,0.5057915057915058,0.3793103448275862,0.9746835443037974,86.11741176587044,0.5460992907801417,77,126,54,2,0.8534458509142053,0.7917261783049618,0.0001375134743284434,0.0001375134743284434,0.3025210084033613,0.9,0.45283018867924524,,recall_at_95_highest_threshold,highest_threshold_with_recall_floor,strategy_stage_v3_highest_threshold,/ghome/huangjd/code/detected/adpretrain_bridge/output/20260519_yolo26s_cls_fixed_180_79_stage_v3/stages/S1/metrics/metrics.json,/ghome/huangjd/code/detected/adpretrain_bridge/output/20260519_yolo26s_cls_fixed_180_79_stage_v3/stages/S1/metrics/scores.csv
YOLO26s_cls,S1,recall_at_95_highest_threshold,ok,,0.5057915057915058,0.3793103448275862,0.9746835443037974,86.11741176587044,0.5460992907801417,77,126,54,2,0.8534458509142053,0.7917261783049618,0.0001375134743284434,0.0001375134743284434,0.3025210084033613,0.9,0.45283018867924524,,,highest_threshold_with_recall_floor,recall_highest_threshold,/ghome/huangjd/code/detected/adpretrain_bridge/output/20260519_yolo26s_cls_fixed_180_79_stage_v3/stages/S1/metrics/metrics.json,/ghome/huangjd/code/detected/adpretrain_bridge/output/20260519_yolo26s_cls_fixed_180_79_stage_v3/stages/S1/metrics/scores.csv
YOLO26s_cls,S1,recall_at_90_highest_threshold,ok,,0.5057915057915058,0.3793103448275862,0.9746835443037974,86.11741176587044,0.5460992907801417,77,126,54,2,0.8534458509142053,0.7917261783049618,0.00014055836072657257,0.00014055836072657257,0.2905982905982906,0.85,0.43312101910828027,,,highest_threshold_with_recall_floor,recall_highest_threshold,/ghome/huangjd/code/detected/adpretrain_bridge/output/20260519_yolo26s_cls_fixed_180_79_stage_v3/stages/S1/metrics/metrics.json,/ghome/huangjd/code/detected/adpretrain_bridge/output/20260519_yolo26s_cls_fixed_180_79_stage_v3/stages/S1/metrics/scores.csv
YOLO26s_cls,S1,strategy_balanced_f1,ok,,0.8301158301158301,0.7692307692307693,0.6329113924050633,86.11741176587044,0.6944444444444444,50,15,165,29,0.8534458509142053,0.7917261783049618,0.004877567291259766,0.004877567291259766,0.56,0.7,0.6222222222222222,,,validation_best_f1,strategy_balanced,/ghome/huangjd/code/detected/adpretrain_bridge/output/20260519_yolo26s_cls_fixed_180_79_stage_v3/stages/S1/metrics/metrics.json,/ghome/huangjd/code/detected/adpretrain_bridge/output/20260519_yolo26s_cls_fixed_180_79_stage_v3/stages/S1/metrics/scores.csv
YOLO26s_cls,S2,production_normal_p95,ok,,0.833976833976834,0.9090909090909091,0.5063291139240507,52.74469314797504,0.6504065040650406,40,4,176,39,0.8564697609001406,0.8023673553394826,0.14741124287247637,0.14741124287247637,0.8148148148148148,0.55,0.6567164179104479,,,,production_normal_percentile,/ghome/huangjd/code/detected/adpretrain_bridge/output/20260519_yolo26s_cls_fixed_180_79_stage_v3/stages/S2/metrics/metrics.json,/ghome/huangjd/code/detected/adpretrain_bridge/output/20260519_yolo26s_cls_fixed_180_79_stage_v3/stages/S2/metrics/scores.csv
YOLO26s_cls,S2,strategy_stage_adaptive,ok,,0.32432432432432434,0.3110236220472441,1.0,52.74469314797504,0.4744744744744745,79,175,5,0,0.8564697609001406,0.8023673553394826,2.025410685746465e-05,2.025410685746465e-05,0.2857142857142857,1.0,0.4444444444444445,,strategy_recall_first_r95,min_threshold_with_recall_floor,strategy_stage_adaptive,/ghome/huangjd/code/detected/adpretrain_bridge/output/20260519_yolo26s_cls_fixed_180_79_stage_v3/stages/S2/metrics/metrics.json,/ghome/huangjd/code/detected/adpretrain_bridge/output/20260519_yolo26s_cls_fixed_180_79_stage_v3/stages/S2/metrics/scores.csv
YOLO26s_cls,S2,strategy_mild_stage_v2,ok,,0.6640926640926641,0.47333333333333333,0.8987341772151899,52.74469314797504,0.6200873362445415,71,79,101,8,0.8564697609001406,0.8023673553394826,0.001980328233912587,0.001980328233912587,0.36,0.9,0.5142857142857143,0.64,mild_recall90_fpr20,fallback_max_f1_with_recall_floor,strategy_mild_stage_v2,/ghome/huangjd/code/detected/adpretrain_bridge/output/20260519_yolo26s_cls_fixed_180_79_stage_v3/stages/S2/metrics/metrics.json,/ghome/huangjd/code/detected/adpretrain_bridge/output/20260519_yolo26s_cls_fixed_180_79_stage_v3/stages/S2/metrics/scores.csv
YOLO26s_cls,S2,strategy_stage_v3,ok,,0.6640926640926641,0.47333333333333333,0.8987341772151899,52.74469314797504,0.6200873362445415,71,79,101,8,0.8564697609001406,0.8023673553394826,0.001980328233912587,0.001980328233912587,0.36,0.9,0.5142857142857143,,recall_at_95_highest_threshold,highest_threshold_with_recall_floor,strategy_stage_v3_highest_threshold,/ghome/huangjd/code/detected/adpretrain_bridge/output/20260519_yolo26s_cls_fixed_180_79_stage_v3/stages/S2/metrics/metrics.json,/ghome/huangjd/code/detected/adpretrain_bridge/output/20260519_yolo26s_cls_fixed_180_79_stage_v3/stages/S2/metrics/scores.csv
YOLO26s_cls,S2,recall_at_95_highest_threshold,ok,,0.6640926640926641,0.47333333333333333,0.8987341772151899,52.74469314797504,0.6200873362445415,71,79,101,8,0.8564697609001406,0.8023673553394826,0.001980328233912587,0.001980328233912587,0.36,0.9,0.5142857142857143,,,highest_threshold_with_recall_floor,recall_highest_threshold,/ghome/huangjd/code/detected/adpretrain_bridge/output/20260519_yolo26s_cls_fixed_180_79_stage_v3/stages/S2/metrics/metrics.json,/ghome/huangjd/code/detected/adpretrain_bridge/output/20260519_yolo26s_cls_fixed_180_79_stage_v3/stages/S2/metrics/scores.csv
YOLO26s_cls,S2,recall_at_90_highest_threshold,ok,,0.667953667953668,0.4748201438848921,0.8354430379746836,52.74469314797504,0.6055045871559633,66,73,107,13,0.8564697609001406,0.8023673553394826,0.002896334510296583,0.002896334510296583,0.35789473684210527,0.85,0.5037037037037038,,,highest_threshold_with_recall_floor,recall_highest_threshold,/ghome/huangjd/code/detected/adpretrain_bridge/output/20260519_yolo26s_cls_fixed_180_79_stage_v3/stages/S2/metrics/metrics.json,/ghome/huangjd/code/detected/adpretrain_bridge/output/20260519_yolo26s_cls_fixed_180_79_stage_v3/stages/S2/metrics/scores.csv
YOLO26s_cls,S2,strategy_balanced_f1,ok,,0.8416988416988417,0.975,0.4936708860759494,52.74469314797504,0.6554621848739496,39,1,179,40,0.8564697609001406,0.8023673553394826,0.24937523901462555,0.24937523901462555,0.9166666666666666,0.55,0.6874999999999999,,,validation_best_f1,strategy_balanced,/ghome/huangjd/code/detected/adpretrain_bridge/output/20260519_yolo26s_cls_fixed_180_79_stage_v3/stages/S2/metrics/metrics.json,/ghome/huangjd/code/detected/adpretrain_bridge/output/20260519_yolo26s_cls_fixed_180_79_stage_v3/stages/S2/metrics/scores.csv
YOLO26s_cls,S3,production_normal_p95,ok,,0.8532818532818532,0.9555555555555556,0.5443037974683544,28.05349527063517,0.6935483870967742,43,2,178,36,0.8644866385372715,0.8491894173871058,0.011805754015222169,0.011805754015222169,0.8275862068965517,0.6,0.6956521739130435,,,,production_normal_percentile,/ghome/huangjd/code/detected/adpretrain_bridge/output/20260519_yolo26s_cls_fixed_180_79_stage_v3/stages/S3/metrics/metrics.json,/ghome/huangjd/code/detected/adpretrain_bridge/output/20260519_yolo26s_cls_fixed_180_79_stage_v3/stages/S3/metrics/scores.csv
YOLO26s_cls,S3,strategy_stage_adaptive,ok,,0.305019305019305,0.305019305019305,1.0,28.05349527063517,0.46745562130177515,79,180,0,0,0.8644866385372715,0.8491894173871058,0.00046458133147098124,0.00046458133147098124,0.2857142857142857,1.0,0.4444444444444445,,strategy_recall_first_r95,min_threshold_with_recall_floor,strategy_stage_adaptive,/ghome/huangjd/code/detected/adpretrain_bridge/output/20260519_yolo26s_cls_fixed_180_79_stage_v3/stages/S3/metrics/metrics.json,/ghome/huangjd/code/detected/adpretrain_bridge/output/20260519_yolo26s_cls_fixed_180_79_stage_v3/stages/S3/metrics/scores.csv
YOLO26s_cls,S3,strategy_mild_stage_v2,ok,,0.4015444015444015,0.33185840707964603,0.9493670886075949,28.05349527063517,0.49180327868852464,75,151,29,4,0.8644866385372715,0.8491894173871058,0.00172082067001611,0.00172082067001611,0.3333333333333333,0.925,0.490066225165563,0.74,mild_recall85_fpr10,fallback_max_f1_with_recall_floor,strategy_mild_stage_v2,/ghome/huangjd/code/detected/adpretrain_bridge/output/20260519_yolo26s_cls_fixed_180_79_stage_v3/stages/S3/metrics/metrics.json,/ghome/huangjd/code/detected/adpretrain_bridge/output/20260519_yolo26s_cls_fixed_180_79_stage_v3/stages/S3/metrics/scores.csv
YOLO26s_cls,S3,strategy_stage_v3,ok,,0.41312741312741313,0.336322869955157,0.9493670886075949,28.05349527063517,0.4966887417218543,75,148,32,4,0.8644866385372715,0.8491894173871058,0.0018306438578292727,0.0018306438578292727,0.3364485981308411,0.9,0.4897959183673469,,recall_at_95_highest_threshold,highest_threshold_with_recall_floor,strategy_stage_v3_highest_threshold,/ghome/huangjd/code/detected/adpretrain_bridge/output/20260519_yolo26s_cls_fixed_180_79_stage_v3/stages/S3/metrics/metrics.json,/ghome/huangjd/code/detected/adpretrain_bridge/output/20260519_yolo26s_cls_fixed_180_79_stage_v3/stages/S3/metrics/scores.csv
YOLO26s_cls,S3,recall_at_95_highest_threshold,ok,,0.41312741312741313,0.336322869955157,0.9493670886075949,28.05349527063517,0.4966887417218543,75,148,32,4,0.8644866385372715,0.8491894173871058,0.0018306438578292727,0.0018306438578292727,0.3364485981308411,0.9,0.4897959183673469,,,highest_threshold_with_recall_floor,recall_highest_threshold,/ghome/huangjd/code/detected/adpretrain_bridge/output/20260519_yolo26s_cls_fixed_180_79_stage_v3/stages/S3/metrics/metrics.json,/ghome/huangjd/code/detected/adpretrain_bridge/output/20260519_yolo26s_cls_fixed_180_79_stage_v3/stages/S3/metrics/scores.csv
YOLO26s_cls,S3,recall_at_90_highest_threshold,ok,,0.44015444015444016,0.3472222222222222,0.9493670886075949,28.05349527063517,0.5084745762711865,75,141,39,4,0.8644866385372715,0.8491894173871058,0.0020351484417915344,0.0020351484417915344,0.3333333333333333,0.85,0.4788732394366197,,,highest_threshold_with_recall_floor,recall_highest_threshold,/ghome/huangjd/code/detected/adpretrain_bridge/output/20260519_yolo26s_cls_fixed_180_79_stage_v3/stages/S3/metrics/metrics.json,/ghome/huangjd/code/detected/adpretrain_bridge/output/20260519_yolo26s_cls_fixed_180_79_stage_v3/stages/S3/metrics/scores.csv
YOLO26s_cls,S3,strategy_balanced_f1,ok,,0.8262548262548263,1.0,0.43037974683544306,28.05349527063517,0.6017699115044248,34,0,180,45,0.8644866385372715,0.8491894173871058,0.46183764934539795,0.46183764934539795,1.0,0.55,0.7096774193548387,,,validation_best_f1,strategy_balanced,/ghome/huangjd/code/detected/adpretrain_bridge/output/20260519_yolo26s_cls_fixed_180_79_stage_v3/stages/S3/metrics/metrics.json,/ghome/huangjd/code/detected/adpretrain_bridge/output/20260519_yolo26s_cls_fixed_180_79_stage_v3/stages/S3/metrics/scores.csv
YOLO26s_cls,S4,production_normal_p95,ok,,0.8841698841698842,0.9803921568627451,0.6329113924050633,24.28346243417286,0.7692307692307693,50,1,179,29,0.90028129395218,0.8749567832526474,0.01215283065102992,0.01215283065102992,0.8529411764705882,0.725,0.7837837837837837,,,,production_normal_percentile,/ghome/huangjd/code/detected/adpretrain_bridge/output/20260519_yolo26s_cls_fixed_180_79_stage_v3/stages/S4/metrics/metrics.json,/ghome/huangjd/code/detected/adpretrain_bridge/output/20260519_yolo26s_cls_fixed_180_79_stage_v3/stages/S4/metrics/scores.csv
YOLO26s_cls,S4,strategy_stage_adaptive,ok,,0.3088803088803089,0.3062015503875969,1.0,24.28346243417286,0.46884272997032633,79,179,1,0,0.90028129395218,0.8749567832526474,8.79456929396838e-05,8.79456929396838e-05,0.2857142857142857,1.0,0.4444444444444445,,strategy_recall_first_r95,min_threshold_with_recall_floor,strategy_stage_adaptive,/ghome/huangjd/code/detected/adpretrain_bridge/output/20260519_yolo26s_cls_fixed_180_79_stage_v3/stages/S4/metrics/metrics.json,/ghome/huangjd/code/detected/adpretrain_bridge/output/20260519_yolo26s_cls_fixed_180_79_stage_v3/stages/S4/metrics/scores.csv
YOLO26s_cls,S4,strategy_mild_stage_v2,ok,,0.8957528957528957,0.9482758620689655,0.6962025316455697,24.28346243417286,0.8029197080291972,55,3,177,24,0.90028129395218,0.8749567832526474,0.004658491350710392,0.004658491350710392,0.7727272727272727,0.85,0.8095238095238095,0.1,mild_recall85_fpr10,max_f1_with_recall_floor_and_fpr_cap,strategy_mild_stage_v2,/ghome/huangjd/code/detected/adpretrain_bridge/output/20260519_yolo26s_cls_fixed_180_79_stage_v3/stages/S4/metrics/metrics.json,/ghome/huangjd/code/detected/adpretrain_bridge/output/20260519_yolo26s_cls_fixed_180_79_stage_v3/stages/S4/metrics/scores.csv
YOLO26s_cls,S4,strategy_stage_v3,ok,,0.8764478764478765,0.8615384615384616,0.7088607594936709,24.28346243417286,0.7777777777777778,56,9,171,23,0.90028129395218,0.8749567832526474,0.002696472452953458,0.002696472452953458,0.6792452830188679,0.9,0.7741935483870968,,recall_at_95_highest_threshold,highest_threshold_with_recall_floor,strategy_stage_v3_highest_threshold,/ghome/huangjd/code/detected/adpretrain_bridge/output/20260519_yolo26s_cls_fixed_180_79_stage_v3/stages/S4/metrics/metrics.json,/ghome/huangjd/code/detected/adpretrain_bridge/output/20260519_yolo26s_cls_fixed_180_79_stage_v3/stages/S4/metrics/scores.csv
YOLO26s_cls,S4,recall_at_95_highest_threshold,ok,,0.8764478764478765,0.8615384615384616,0.7088607594936709,24.28346243417286,0.7777777777777778,56,9,171,23,0.90028129395218,0.8749567832526474,0.002696472452953458,0.002696472452953458,0.6792452830188679,0.9,0.7741935483870968,,,highest_threshold_with_recall_floor,recall_highest_threshold,/ghome/huangjd/code/detected/adpretrain_bridge/output/20260519_yolo26s_cls_fixed_180_79_stage_v3/stages/S4/metrics/metrics.json,/ghome/huangjd/code/detected/adpretrain_bridge/output/20260519_yolo26s_cls_fixed_180_79_stage_v3/stages/S4/metrics/scores.csv
YOLO26s_cls,S4,recall_at_90_highest_threshold,ok,,0.8957528957528957,0.9482758620689655,0.6962025316455697,24.28346243417286,0.8029197080291972,55,3,177,24,0.90028129395218,0.8749567832526474,0.004658491350710392,0.004658491350710392,0.7727272727272727,0.85,0.8095238095238095,,,highest_threshold_with_recall_floor,recall_highest_threshold,/ghome/huangjd/code/detected/adpretrain_bridge/output/20260519_yolo26s_cls_fixed_180_79_stage_v3/stages/S4/metrics/metrics.json,/ghome/huangjd/code/detected/adpretrain_bridge/output/20260519_yolo26s_cls_fixed_180_79_stage_v3/stages/S4/metrics/scores.csv
YOLO26s_cls,S4,strategy_balanced_f1,ok,,0.8957528957528957,0.9482758620689655,0.6962025316455697,24.28346243417286,0.8029197080291972,55,3,177,24,0.90028129395218,0.8749567832526474,0.004658491350710392,0.004658491350710392,0.7727272727272727,0.85,0.8095238095238095,,,validation_best_f1,strategy_balanced,/ghome/huangjd/code/detected/adpretrain_bridge/output/20260519_yolo26s_cls_fixed_180_79_stage_v3/stages/S4/metrics/metrics.json,/ghome/huangjd/code/detected/adpretrain_bridge/output/20260519_yolo26s_cls_fixed_180_79_stage_v3/stages/S4/metrics/scores.csv
YOLO26s_cls,S5,production_normal_p95,ok,,0.8918918918918919,0.8923076923076924,0.7341772151898734,26.994969210368097,0.8055555555555556,58,7,173,21,0.8978199718706048,0.8835565244336655,0.13451198637485495,0.13451198637485495,0.868421052631579,0.825,0.8461538461538461,,,,production_normal_percentile,/ghome/huangjd/code/detected/adpretrain_bridge/output/20260519_yolo26s_cls_fixed_180_79_stage_v3/stages/S5/metrics/metrics.json,/ghome/huangjd/code/detected/adpretrain_bridge/output/20260519_yolo26s_cls_fixed_180_79_stage_v3/stages/S5/metrics/scores.csv
YOLO26s_cls,S5,strategy_stage_adaptive,ok,,0.3127413127413127,0.3058823529411765,0.9873417721518988,26.994969210368097,0.467065868263473,78,177,3,1,0.8978199718706048,0.8835565244336655,5.8484956753090955e-06,5.8484956753090955e-06,0.2857142857142857,1.0,0.4444444444444445,,strategy_recall_first_r90,min_threshold_with_recall_floor,strategy_stage_adaptive,/ghome/huangjd/code/detected/adpretrain_bridge/output/20260519_yolo26s_cls_fixed_180_79_stage_v3/stages/S5/metrics/metrics.json,/ghome/huangjd/code/detected/adpretrain_bridge/output/20260519_yolo26s_cls_fixed_180_79_stage_v3/stages/S5/metrics/scores.csv
YOLO26s_cls,S5,strategy_mild_stage_v2,ok,,0.8532818532818532,0.7411764705882353,0.7974683544303798,26.994969210368097,0.7682926829268293,63,22,158,16,0.8978199718706048,0.8835565244336655,0.016556747257709503,0.016556747257709503,0.5555555555555556,0.875,0.6796116504854369,0.28,mild_recall85_fpr10,fallback_max_f1_with_recall_floor,strategy_mild_stage_v2,/ghome/huangjd/code/detected/adpretrain_bridge/output/20260519_yolo26s_cls_fixed_180_79_stage_v3/stages/S5/metrics/metrics.json,/ghome/huangjd/code/detected/adpretrain_bridge/output/20260519_yolo26s_cls_fixed_180_79_stage_v3/stages/S5/metrics/scores.csv
YOLO26s_cls,S5,strategy_stage_v3,ok,,0.861003861003861,0.7590361445783133,0.7974683544303798,26.994969210368097,0.7777777777777778,63,20,160,16,0.8978199718706048,0.8835565244336655,0.01815928891301155,0.01815928891301155,0.5483870967741935,0.85,0.6666666666666665,,recall_at_90_highest_threshold,highest_threshold_with_recall_floor,strategy_stage_v3_highest_threshold,/ghome/huangjd/code/detected/adpretrain_bridge/output/20260519_yolo26s_cls_fixed_180_79_stage_v3/stages/S5/metrics/metrics.json,/ghome/huangjd/code/detected/adpretrain_bridge/output/20260519_yolo26s_cls_fixed_180_79_stage_v3/stages/S5/metrics/scores.csv
YOLO26s_cls,S5,recall_at_95_highest_threshold,ok,,0.7142857142857143,0.5182481751824818,0.8987341772151899,26.994969210368097,0.6574074074074074,71,66,114,8,0.8978199718706048,0.8835565244336655,0.002297384897246957,0.002297384897246957,0.4090909090909091,0.9,0.5625000000000001,,,highest_threshold_with_recall_floor,recall_highest_threshold,/ghome/huangjd/code/detected/adpretrain_bridge/output/20260519_yolo26s_cls_fixed_180_79_stage_v3/stages/S5/metrics/metrics.json,/ghome/huangjd/code/detected/adpretrain_bridge/output/20260519_yolo26s_cls_fixed_180_79_stage_v3/stages/S5/metrics/scores.csv
YOLO26s_cls,S5,recall_at_90_highest_threshold,ok,,0.861003861003861,0.7590361445783133,0.7974683544303798,26.994969210368097,0.7777777777777778,63,20,160,16,0.8978199718706048,0.8835565244336655,0.01815928891301155,0.01815928891301155,0.5483870967741935,0.85,0.6666666666666665,,,highest_threshold_with_recall_floor,recall_highest_threshold,/ghome/huangjd/code/detected/adpretrain_bridge/output/20260519_yolo26s_cls_fixed_180_79_stage_v3/stages/S5/metrics/metrics.json,/ghome/huangjd/code/detected/adpretrain_bridge/output/20260519_yolo26s_cls_fixed_180_79_stage_v3/stages/S5/metrics/scores.csv
YOLO26s_cls,S5,strategy_balanced_f1,ok,,0.9073359073359073,0.9824561403508771,0.7088607594936709,26.994969210368097,0.8235294117647058,56,1,179,23,0.8978199718706048,0.8835565244336655,0.3986528813838959,0.3986528813838959,0.9705882352941176,0.825,0.8918918918918919,,,validation_best_f1,strategy_balanced,/ghome/huangjd/code/detected/adpretrain_bridge/output/20260519_yolo26s_cls_fixed_180_79_stage_v3/stages/S5/metrics/metrics.json,/ghome/huangjd/code/detected/adpretrain_bridge/output/20260519_yolo26s_cls_fixed_180_79_stage_v3/stages/S5/metrics/scores.csv
YOLO26s_cls,S6,production_normal_p95,ok,,0.9266409266409267,0.9411764705882353,0.810126582278481,24.43255242823289,0.8707482993197279,64,4,176,15,0.9733473980309423,0.9592338978331383,0.16752972081303572,0.16752972081303572,0.875,0.875,0.875,,,,production_normal_percentile,/ghome/huangjd/code/detected/adpretrain_bridge/output/20260519_yolo26s_cls_fixed_180_79_stage_v3/stages/S6/metrics/metrics.json,/ghome/huangjd/code/detected/adpretrain_bridge/output/20260519_yolo26s_cls_fixed_180_79_stage_v3/stages/S6/metrics/scores.csv
YOLO26s_cls,S6,strategy_stage_adaptive,ok,,0.3281853281853282,0.31225296442687744,1.0,24.43255242823289,0.4759036144578313,79,174,6,0,0.9733473980309423,0.9592338978331383,9.968268568627536e-05,9.968268568627536e-05,0.2857142857142857,1.0,0.4444444444444445,,strategy_recall_first_r90,min_threshold_with_recall_floor,strategy_stage_adaptive,/ghome/huangjd/code/detected/adpretrain_bridge/output/20260519_yolo26s_cls_fixed_180_79_stage_v3/stages/S6/metrics/metrics.json,/ghome/huangjd/code/detected/adpretrain_bridge/output/20260519_yolo26s_cls_fixed_180_79_stage_v3/stages/S6/metrics/scores.csv
YOLO26s_cls,S6,strategy_mild_stage_v2,ok,,0.9227799227799228,0.9538461538461539,0.7848101265822784,24.43255242823289,0.8611111111111112,62,3,177,17,0.9733473980309423,0.9592338978331383,0.3000188171863556,0.3000188171863556,0.918918918918919,0.85,0.8831168831168831,0.03,mild_recall85_fpr10,max_f1_with_recall_floor_and_fpr_cap,strategy_mild_stage_v2,/ghome/huangjd/code/detected/adpretrain_bridge/output/20260519_yolo26s_cls_fixed_180_79_stage_v3/stages/S6/metrics/metrics.json,/ghome/huangjd/code/detected/adpretrain_bridge/output/20260519_yolo26s_cls_fixed_180_79_stage_v3/stages/S6/metrics/scores.csv
YOLO26s_cls,S6,strategy_stage_v3,ok,,0.9227799227799228,0.9538461538461539,0.7848101265822784,24.43255242823289,0.8611111111111112,62,3,177,17,0.9733473980309423,0.9592338978331383,0.3000188171863556,0.3000188171863556,0.918918918918919,0.85,0.8831168831168831,,recall_at_90_highest_threshold,highest_threshold_with_recall_floor,strategy_stage_v3_highest_threshold,/ghome/huangjd/code/detected/adpretrain_bridge/output/20260519_yolo26s_cls_fixed_180_79_stage_v3/stages/S6/metrics/metrics.json,/ghome/huangjd/code/detected/adpretrain_bridge/output/20260519_yolo26s_cls_fixed_180_79_stage_v3/stages/S6/metrics/scores.csv
YOLO26s_cls,S6,recall_at_95_highest_threshold,ok,,0.9420849420849421,0.8809523809523809,0.9367088607594937,24.43255242823289,0.9079754601226993,74,10,170,5,0.9733473980309423,0.9592338978331383,0.03655237331986427,0.03655237331986427,0.6206896551724138,0.9,0.7346938775510204,,,highest_threshold_with_recall_floor,recall_highest_threshold,/ghome/huangjd/code/detected/adpretrain_bridge/output/20260519_yolo26s_cls_fixed_180_79_stage_v3/stages/S6/metrics/metrics.json,/ghome/huangjd/code/detected/adpretrain_bridge/output/20260519_yolo26s_cls_fixed_180_79_stage_v3/stages/S6/metrics/scores.csv
YOLO26s_cls,S6,recall_at_90_highest_threshold,ok,,0.9227799227799228,0.9538461538461539,0.7848101265822784,24.43255242823289,0.8611111111111112,62,3,177,17,0.9733473980309423,0.9592338978331383,0.3000188171863556,0.3000188171863556,0.918918918918919,0.85,0.8831168831168831,,,highest_threshold_with_recall_floor,recall_highest_threshold,/ghome/huangjd/code/detected/adpretrain_bridge/output/20260519_yolo26s_cls_fixed_180_79_stage_v3/stages/S6/metrics/metrics.json,/ghome/huangjd/code/detected/adpretrain_bridge/output/20260519_yolo26s_cls_fixed_180_79_stage_v3/stages/S6/metrics/scores.csv
YOLO26s_cls,S6,strategy_balanced_f1,ok,,0.9227799227799228,0.9538461538461539,0.7848101265822784,24.43255242823289,0.8611111111111112,62,3,177,17,0.9733473980309423,0.9592338978331383,0.3000188171863556,0.3000188171863556,0.918918918918919,0.85,0.8831168831168831,,,validation_best_f1,strategy_balanced,/ghome/huangjd/code/detected/adpretrain_bridge/output/20260519_yolo26s_cls_fixed_180_79_stage_v3/stages/S6/metrics/metrics.json,/ghome/huangjd/code/detected/adpretrain_bridge/output/20260519_yolo26s_cls_fixed_180_79_stage_v3/stages/S6/metrics/scores.csv
YOLO26s_cls,S7,production_normal_p95,ok,,0.918918918918919,0.8918918918918919,0.8354430379746836,23.992440141881296,0.8627450980392156,66,8,172,13,0.9589310829817159,0.9369644332014446,0.24285223484039292,0.24285223484039292,0.8717948717948718,0.85,0.8607594936708861,,,,production_normal_percentile,/ghome/huangjd/code/detected/adpretrain_bridge/output/20260519_yolo26s_cls_fixed_180_79_stage_v3/stages/S7/metrics/metrics.json,/ghome/huangjd/code/detected/adpretrain_bridge/output/20260519_yolo26s_cls_fixed_180_79_stage_v3/stages/S7/metrics/scores.csv
YOLO26s_cls,S7,strategy_stage_adaptive,ok,,0.918918918918919,0.967741935483871,0.759493670886076,23.992440141881296,0.851063829787234,60,2,178,19,0.9589310829817159,0.9369644332014446,0.5631036758422852,0.5631036758422852,0.9705882352941176,0.825,0.8918918918918919,,strategy_balanced_f1,validation_best_f1,strategy_stage_adaptive,/ghome/huangjd/code/detected/adpretrain_bridge/output/20260519_yolo26s_cls_fixed_180_79_stage_v3/stages/S7/metrics/metrics.json,/ghome/huangjd/code/detected/adpretrain_bridge/output/20260519_yolo26s_cls_fixed_180_79_stage_v3/stages/S7/metrics/scores.csv
YOLO26s_cls,S7,strategy_mild_stage_v2,ok,,0.918918918918919,0.967741935483871,0.759493670886076,23.992440141881296,0.851063829787234,60,2,178,19,0.9589310829817159,0.9369644332014446,0.5631036758422852,0.5631036758422852,0.9705882352941176,0.825,0.8918918918918919,0.01,balanced_f1_late,validation_balanced_f1,strategy_mild_stage_v2,/ghome/huangjd/code/detected/adpretrain_bridge/output/20260519_yolo26s_cls_fixed_180_79_stage_v3/stages/S7/metrics/metrics.json,/ghome/huangjd/code/detected/adpretrain_bridge/output/20260519_yolo26s_cls_fixed_180_79_stage_v3/stages/S7/metrics/scores.csv
YOLO26s_cls,S7,strategy_stage_v3,ok,,0.918918918918919,0.967741935483871,0.759493670886076,23.992440141881296,0.851063829787234,60,2,178,19,0.9589310829817159,0.9369644332014446,0.5631036758422852,0.5631036758422852,0.9705882352941176,0.825,0.8918918918918919,,strategy_balanced_f1,validation_best_f1,strategy_stage_v3_highest_threshold,/ghome/huangjd/code/detected/adpretrain_bridge/output/20260519_yolo26s_cls_fixed_180_79_stage_v3/stages/S7/metrics/metrics.json,/ghome/huangjd/code/detected/adpretrain_bridge/output/20260519_yolo26s_cls_fixed_180_79_stage_v3/stages/S7/metrics/scores.csv
YOLO26s_cls,S7,recall_at_95_highest_threshold,ok,,0.8841698841698842,0.7752808988764045,0.8734177215189873,23.992440141881296,0.8214285714285714,69,20,160,10,0.9589310829817159,0.9369644332014446,0.12647445499897003,0.12647445499897003,0.6428571428571429,0.9,0.75,,,highest_threshold_with_recall_floor,recall_highest_threshold,/ghome/huangjd/code/detected/adpretrain_bridge/output/20260519_yolo26s_cls_fixed_180_79_stage_v3/stages/S7/metrics/metrics.json,/ghome/huangjd/code/detected/adpretrain_bridge/output/20260519_yolo26s_cls_fixed_180_79_stage_v3/stages/S7/metrics/scores.csv
YOLO26s_cls,S7,recall_at_90_highest_threshold,ok,,0.918918918918919,0.9393939393939394,0.7848101265822784,23.992440141881296,0.8551724137931035,62,4,176,17,0.9589310829817159,0.9369644332014446,0.3523622751235962,0.3523622751235962,0.8947368421052632,0.85,0.8717948717948718,,,highest_threshold_with_recall_floor,recall_highest_threshold,/ghome/huangjd/code/detected/adpretrain_bridge/output/20260519_yolo26s_cls_fixed_180_79_stage_v3/stages/S7/metrics/metrics.json,/ghome/huangjd/code/detected/adpretrain_bridge/output/20260519_yolo26s_cls_fixed_180_79_stage_v3/stages/S7/metrics/scores.csv
YOLO26s_cls,S7,strategy_balanced_f1,ok,,0.918918918918919,0.967741935483871,0.759493670886076,23.992440141881296,0.851063829787234,60,2,178,19,0.9589310829817159,0.9369644332014446,0.5631036758422852,0.5631036758422852,0.9705882352941176,0.825,0.8918918918918919,,,validation_best_f1,strategy_balanced,/ghome/huangjd/code/detected/adpretrain_bridge/output/20260519_yolo26s_cls_fixed_180_79_stage_v3/stages/S7/metrics/metrics.json,/ghome/huangjd/code/detected/adpretrain_bridge/output/20260519_yolo26s_cls_fixed_180_79_stage_v3/stages/S7/metrics/scores.csv
YOLO26s_cls,S8,production_normal_p95,ok,,0.9227799227799228,0.9041095890410958,0.8354430379746836,24.77108786048001,0.8684210526315789,66,7,173,13,0.9677215189873418,0.9488044978620354,0.40500077754259095,0.40500077754259095,0.8780487804878049,0.9,0.888888888888889,,,,production_normal_percentile,/ghome/huangjd/code/detected/adpretrain_bridge/output/20260519_yolo26s_cls_fixed_180_79_stage_v3/stages/S8/metrics/metrics.json,/ghome/huangjd/code/detected/adpretrain_bridge/output/20260519_yolo26s_cls_fixed_180_79_stage_v3/stages/S8/metrics/scores.csv
YOLO26s_cls,S8,strategy_stage_adaptive,ok,,0.915057915057915,0.9253731343283582,0.7848101265822784,24.77108786048001,0.8493150684931507,62,5,175,17,0.9677215189873418,0.9488044978620354,0.697699785232544,0.697699785232544,0.9459459459459459,0.875,0.9090909090909091,,strategy_balanced_f1,validation_best_f1,strategy_stage_adaptive,/ghome/huangjd/code/detected/adpretrain_bridge/output/20260519_yolo26s_cls_fixed_180_79_stage_v3/stages/S8/metrics/metrics.json,/ghome/huangjd/code/detected/adpretrain_bridge/output/20260519_yolo26s_cls_fixed_180_79_stage_v3/stages/S8/metrics/scores.csv
YOLO26s_cls,S8,strategy_mild_stage_v2,ok,,0.915057915057915,0.9253731343283582,0.7848101265822784,24.77108786048001,0.8493150684931507,62,5,175,17,0.9677215189873418,0.9488044978620354,0.697699785232544,0.697699785232544,0.9459459459459459,0.875,0.9090909090909091,0.02,balanced_f1_late,validation_balanced_f1,strategy_mild_stage_v2,/ghome/huangjd/code/detected/adpretrain_bridge/output/20260519_yolo26s_cls_fixed_180_79_stage_v3/stages/S8/metrics/metrics.json,/ghome/huangjd/code/detected/adpretrain_bridge/output/20260519_yolo26s_cls_fixed_180_79_stage_v3/stages/S8/metrics/scores.csv
YOLO26s_cls,S8,strategy_stage_v3,ok,,0.915057915057915,0.9253731343283582,0.7848101265822784,24.77108786048001,0.8493150684931507,62,5,175,17,0.9677215189873418,0.9488044978620354,0.697699785232544,0.697699785232544,0.9459459459459459,0.875,0.9090909090909091,,strategy_balanced_f1,validation_best_f1,strategy_stage_v3_highest_threshold,/ghome/huangjd/code/detected/adpretrain_bridge/output/20260519_yolo26s_cls_fixed_180_79_stage_v3/stages/S8/metrics/metrics.json,/ghome/huangjd/code/detected/adpretrain_bridge/output/20260519_yolo26s_cls_fixed_180_79_stage_v3/stages/S8/metrics/scores.csv
YOLO26s_cls,S8,recall_at_95_highest_threshold,ok,,0.918918918918919,0.9027777777777778,0.8227848101265823,24.77108786048001,0.8609271523178809,65,7,173,14,0.9677215189873418,0.9488044978620354,0.45774516463279724,0.45774516463279724,0.9,0.9,0.9,,,highest_threshold_with_recall_floor,recall_highest_threshold,/ghome/huangjd/code/detected/adpretrain_bridge/output/20260519_yolo26s_cls_fixed_180_79_stage_v3/stages/S8/metrics/metrics.json,/ghome/huangjd/code/detected/adpretrain_bridge/output/20260519_yolo26s_cls_fixed_180_79_stage_v3/stages/S8/metrics/scores.csv
YOLO26s_cls,S8,recall_at_90_highest_threshold,ok,,0.918918918918919,0.953125,0.7721518987341772,24.77108786048001,0.8531468531468531,61,3,177,18,0.9677215189873418,0.9488044978620354,0.7940434813499451,0.7940434813499451,0.9444444444444444,0.85,0.8947368421052632,,,highest_threshold_with_recall_floor,recall_highest_threshold,/ghome/huangjd/code/detected/adpretrain_bridge/output/20260519_yolo26s_cls_fixed_180_79_stage_v3/stages/S8/metrics/metrics.json,/ghome/huangjd/code/detected/adpretrain_bridge/output/20260519_yolo26s_cls_fixed_180_79_stage_v3/stages/S8/metrics/scores.csv
YOLO26s_cls,S8,strategy_balanced_f1,ok,,0.915057915057915,0.9253731343283582,0.7848101265822784,24.77108786048001,0.8493150684931507,62,5,175,17,0.9677215189873418,0.9488044978620354,0.697699785232544,0.697699785232544,0.9459459459459459,0.875,0.9090909090909091,,,validation_best_f1,strategy_balanced,/ghome/huangjd/code/detected/adpretrain_bridge/output/20260519_yolo26s_cls_fixed_180_79_stage_v3/stages/S8/metrics/metrics.json,/ghome/huangjd/code/detected/adpretrain_bridge/output/20260519_yolo26s_cls_fixed_180_79_stage_v3/stages/S8/metrics/scores.csv
